test_id,asset_id,control_id,rule_id,requirement_id,expected_status,actual_status,expected_governance_status,actual_governance_status,passed,purpose,details
TC-RULE-ID-AM-01-COMPLIANT,asset-tc-rule-id-am-01-compliant,CTRL-ID-AM-01,RULE-ID-AM-01,REQ-ID-AM-01,COMPLIANT,COMPLIANT,NONE,NONE,True,Positive path: all observable rule conditions and required evidence are satisfied.,asset.hardware_inventory_complete=True:pass
TC-RULE-ID-AM-01-VIOLATION,asset-tc-rule-id-am-01-violation,CTRL-ID-AM-01,RULE-ID-AM-01,REQ-ID-AM-01,NON_COMPLIANT,NON_COMPLIANT,NONE,NONE,True,Known values deliberately violate the technical conditions exercised by this rule.,asset.hardware_inventory_complete=False:fail
TC-RULE-ID-AM-01-NO-EVIDENCE,asset-tc-rule-id-am-01-no-evidence,CTRL-ID-AM-01,RULE-ID-AM-01,REQ-ID-AM-01,NOT_VERIFIABLE,NOT_VERIFIABLE,NONE,NONE,True,A required evidence item is detached; the rule cannot be verified conclusively.,asset.hardware_inventory_complete=True:pass | Missing evidence.asset_inventory
TC-RULE-ID-AM-02-COMPLIANT,asset-tc-rule-id-am-02-compliant,CTRL-ID-AM-02,RULE-ID-AM-02,REQ-ID-AM-02,COMPLIANT,COMPLIANT,NONE,NONE,True,Positive path: all observable rule conditions and required evidence are satisfied.,Asset.asset-tc-rule-id-am-02-compliant.name='Asset sintetico TC-RULE-ID-AM-02-COMPLIANT':pass | Service.svc-https.name='HTTPS':pass | Service.svc-https.authorized=True:pass | SoftwareComponent.software-web.name='ExampleWeb':pass | SoftwareComponent.software-web.version='1.0.0':pass | SoftwareComponent.software-web.authorized=True:pass
TC-RULE-ID-AM-02-VIOLATION,asset-tc-rule-id-am-02-violation,CTRL-ID-AM-02,RULE-ID-AM-02,REQ-ID-AM-02,NON_COMPLIANT,NON_COMPLIANT,NONE,NONE,True,Known values deliberately violate the technical conditions exercised by this rule.,Asset.asset-tc-rule-id-am-02-violation.name='Asset sintetico TC-RULE-ID-AM-02-VIOLATION':pass | Service.svc-https.name='':fail | Service.svc-https.authorized=False:fail | SoftwareComponent.software-web.name='':fail | SoftwareComponent.software-web.version='':fail | SoftwareComponent.software-web.authorized=False:fail | Missing SoftwareComponent.software-web.name
TC-RULE-ID-AM-02-NO-EVIDENCE,asset-tc-rule-id-am-02-no-evidence,CTRL-ID-AM-02,RULE-ID-AM-02,REQ-ID-AM-02,NOT_VERIFIABLE,NOT_VERIFIABLE,NONE,NONE,True,A required evidence item is detached; the rule cannot be verified conclusively.,Asset.asset-tc-rule-id-am-02-no-evidence.name='Asset sintetico TC-RULE-ID-AM-02-NO-EVIDENCE':pass | Service.svc-https.name='HTTPS':pass | Service.svc-https.authorized=True:pass | SoftwareComponent.software-web.name='ExampleWeb':pass | SoftwareComponent.software-web.version='1.0.0':pass | SoftwareComponent.software-web.authorized=True:pass | Missing evidence.software_inventory
TC-RULE-ID-AM-03-E-COMPLIANT,asset-tc-rule-id-am-03-e-compliant,CTRL-ID-AM-03-E,RULE-ID-AM-03-E,REQ-ID-AM-03-E,COMPLIANT,COMPLIANT,NONE,NONE,True,Positive path: all observable rule conditions and required evidence are satisfied.,NetworkFlow.flow-https.source='internet':pass | NetworkFlow.flow-https.destination='asset-web':pass | NetworkFlow.flow-https.transport_protocol='tcp':pass | NetworkFlow.flow-https.application_protocol='https':pass | NetworkFlow.flow-https.authorized=True:pass
TC-RULE-ID-AM-03-E-VIOLATION,asset-tc-rule-id-am-03-e-violation,CTRL-ID-AM-03-E,RULE-ID-AM-03-E,REQ-ID-AM-03-E,NON_COMPLIANT,NON_COMPLIANT,NONE,NONE,True,Known values deliberately violate the technical conditions exercised by this rule.,NetworkFlow.flow-https.source='':fail | NetworkFlow.flow-https.destination='':fail | NetworkFlow.flow-https.transport_protocol='':fail | NetworkFlow.flow-https.application_protocol='':fail | NetworkFlow.flow-https.authorized=False:fail
TC-RULE-ID-AM-03-E-NO-EVIDENCE,asset-tc-rule-id-am-03-e-no-evidence,CTRL-ID-AM-03-E,RULE-ID-AM-03-E,REQ-ID-AM-03-E,NOT_VERIFIABLE,NOT_VERIFIABLE,NONE,NONE,True,A required evidence item is detached; the rule cannot be verified conclusively.,NetworkFlow.flow-https.source='internet':pass | NetworkFlow.flow-https.destination='asset-web':pass | NetworkFlow.flow-https.transport_protocol='tcp':pass | NetworkFlow.flow-https.application_protocol='https':pass | NetworkFlow.flow-https.authorized=True:pass | Missing evidence.network_flow_inventory
TC-RULE-ID-AM-03-E-PROFILE-NA,asset-tc-rule-id-am-03-e-profile-na,CTRL-ID-AM-03-E,RULE-ID-AM-03-E,REQ-ID-AM-03-E,NOT_APPLICABLE,NOT_APPLICABLE,NONE,NONE,True,The organization wrapper uses the important profile for an essential-only rule.,regola esclusa dal profilo ACN important
TC-RULE-ID-AM-04-COMPLIANT,asset-tc-rule-id-am-04-compliant,CTRL-ID-AM-04,RULE-ID-AM-04,REQ-ID-AM-04,COMPLIANT,COMPLIANT,NONE,NONE,True,Positive path: all observable rule conditions and required evidence are satisfied.,asset.provider_services_inventory_complete=True:pass
TC-RULE-ID-AM-04-VIOLATION,asset-tc-rule-id-am-04-violation,CTRL-ID-AM-04,RULE-ID-AM-04,REQ-ID-AM-04,NON_COMPLIANT,NON_COMPLIANT,NONE,NONE,True,Known values deliberately violate the technical conditions exercised by this rule.,asset.provider_services_inventory_complete=False:fail
TC-RULE-ID-AM-04-NO-EVIDENCE,asset-tc-rule-id-am-04-no-evidence,CTRL-ID-AM-04,RULE-ID-AM-04,REQ-ID-AM-04,NOT_VERIFIABLE,NOT_VERIFIABLE,NONE,NONE,True,A required evidence item is detached; the rule cannot be verified conclusively.,asset.provider_services_inventory_complete=True:pass | Missing evidence.provider_service_inventory
TC-RULE-ID-RA-01-COMPLIANT,asset-tc-rule-id-ra-01-compliant,CTRL-ID-RA-01,RULE-ID-RA-01,REQ-ID-RA-01,COMPLIANT,COMPLIANT,NONE,NONE,True,Positive path: all observable rule conditions and required evidence are satisfied.,asset.vulnerability_advisories_monitored=True:pass
TC-RULE-ID-RA-01-VIOLATION,asset-tc-rule-id-ra-01-violation,CTRL-ID-RA-01,RULE-ID-RA-01,REQ-ID-RA-01,NON_COMPLIANT,NON_COMPLIANT,NONE,NONE,True,Known values deliberately violate the technical conditions exercised by this rule.,asset.vulnerability_advisories_monitored=False:fail
TC-RULE-ID-RA-01-NO-EVIDENCE,asset-tc-rule-id-ra-01-no-evidence,CTRL-ID-RA-01,RULE-ID-RA-01,REQ-ID-RA-01,NOT_VERIFIABLE,NOT_VERIFIABLE,NONE,NONE,True,A required evidence item is detached; the rule cannot be verified conclusively.,asset.vulnerability_advisories_monitored=True:pass | Missing evidence.vulnerability_management
TC-RULE-ID-RA-01-E-COMPLIANT,asset-tc-rule-id-ra-01-e-compliant,CTRL-ID-RA-01-E,RULE-ID-RA-01-E,REQ-ID-RA-01-E,COMPLIANT,COMPLIANT,NONE,NONE,True,Positive path: all observable rule conditions and required evidence are satisfied.,asset.extended_vulnerability_assessment_performed=True:pass
TC-RULE-ID-RA-01-E-VIOLATION,asset-tc-rule-id-ra-01-e-violation,CTRL-ID-RA-01-E,RULE-ID-RA-01-E,REQ-ID-RA-01-E,NON_COMPLIANT,NON_COMPLIANT,NONE,NONE,True,Known values deliberately violate the technical conditions exercised by this rule.,asset.extended_vulnerability_assessment_performed=False:fail
TC-RULE-ID-RA-01-E-NO-EVIDENCE,asset-tc-rule-id-ra-01-e-no-evidence,CTRL-ID-RA-01-E,RULE-ID-RA-01-E,REQ-ID-RA-01-E,NOT_VERIFIABLE,NOT_VERIFIABLE,NONE,NONE,True,A required evidence item is detached; the rule cannot be verified conclusively.,asset.extended_vulnerability_assessment_performed=True:pass | Missing evidence.vulnerability_scan
TC-RULE-ID-RA-01-E-PROFILE-NA,asset-tc-rule-id-ra-01-e-profile-na,CTRL-ID-RA-01-E,RULE-ID-RA-01-E,REQ-ID-RA-01-E,NOT_APPLICABLE,NOT_APPLICABLE,NONE,NONE,True,The organization wrapper uses the important profile for an essential-only rule.,regola esclusa dal profilo ACN important
TC-RULE-ID-RA-08-COMPLIANT,asset-tc-rule-id-ra-08-compliant,CTRL-ID-RA-08,RULE-ID-RA-08,REQ-ID-RA-08,COMPLIANT,COMPLIANT,NONE,NONE,True,Positive path: all observable rule conditions and required evidence are satisfied.,asset.vulnerability_advisories_monitored=True:pass | Vulnerability.vuln-web.remediation_status='remediated':pass
TC-RULE-ID-RA-08-VIOLATION,asset-tc-rule-id-ra-08-violation,CTRL-ID-RA-08,RULE-ID-RA-08,REQ-ID-RA-08,NON_COMPLIANT,NON_COMPLIANT,NONE,NONE,True,Known values deliberately violate the technical conditions exercised by this rule.,asset.vulnerability_advisories_monitored=True:pass | Vulnerability.vuln-web.remediation_status='in_progress':fail
TC-RULE-ID-RA-08-NO-EVIDENCE,asset-tc-rule-id-ra-08-no-evidence,CTRL-ID-RA-08,RULE-ID-RA-08,REQ-ID-RA-08,NOT_VERIFIABLE,NOT_VERIFIABLE,NONE,NONE,True,A required evidence item is detached; the rule cannot be verified conclusively.,asset.vulnerability_advisories_monitored=True:pass | Vulnerability.vuln-web.remediation_status='remediated':pass | Missing evidence.vulnerability_management | Missing evidence.vulnerability_treatment
TC-RULE-ID-RA-08-MANUAL-ACCEPTED-RISK,asset-tc-rule-id-ra-08-manual-accepted-risk,CTRL-ID-RA-08,RULE-ID-RA-08,REQ-ID-RA-08,COMPLIANT,COMPLIANT,MANUAL_REVIEW_REQUIRED,MANUAL_REVIEW_REQUIRED,True,A vulnerability has an explicitly accepted exception and requires human review.,asset.vulnerability_advisories_monitored=True:pass | Vulnerability.vuln-web.remediation_status='remediated':pass
TC-RULE-ID-RA-08-E-COMPLIANT,asset-tc-rule-id-ra-08-e-compliant,CTRL-ID-RA-08-E,RULE-ID-RA-08-E,REQ-ID-RA-08-E,COMPLIANT,COMPLIANT,NONE,NONE,True,Positive path: all observable rule conditions and required evidence are satisfied.,asset.critical_software_supplier_channels_monitored=True:pass
TC-RULE-ID-RA-08-E-VIOLATION,asset-tc-rule-id-ra-08-e-violation,CTRL-ID-RA-08-E,RULE-ID-RA-08-E,REQ-ID-RA-08-E,NON_COMPLIANT,NON_COMPLIANT,NONE,NONE,True,Known values deliberately violate the technical conditions exercised by this rule.,asset.critical_software_supplier_channels_monitored=False:fail
TC-RULE-ID-RA-08-E-NO-EVIDENCE,asset-tc-rule-id-ra-08-e-no-evidence,CTRL-ID-RA-08-E,RULE-ID-RA-08-E,REQ-ID-RA-08-E,NOT_VERIFIABLE,NOT_VERIFIABLE,NONE,NONE,True,A required evidence item is detached; the rule cannot be verified conclusively.,asset.critical_software_supplier_channels_monitored=True:pass | Missing evidence.vulnerability_management
TC-RULE-ID-RA-08-E-PROFILE-NA,asset-tc-rule-id-ra-08-e-profile-na,CTRL-ID-RA-08-E,RULE-ID-RA-08-E,REQ-ID-RA-08-E,NOT_APPLICABLE,NOT_APPLICABLE,NONE,NONE,True,The organization wrapper uses the important profile for an essential-only rule.,regola esclusa dal profilo ACN important
TC-RULE-PR-AA-01-COMPLIANT,asset-tc-rule-pr-aa-01-compliant,CTRL-PR-AA-01,RULE-PR-AA-01,REQ-PR-AA-01,COMPLIANT,COMPLIANT,NONE,NONE,True,Positive path: all observable rule conditions and required evidence are satisfied.,Account.account-admin.account_type='administrator':pass | Account.account-admin.individual=True:pass | Account.account-admin.authorized=True:pass | Account.account-admin.credentials_managed=True:pass | Account.account-admin.last_reviewed_at='2026-08-01T00:00:00Z':pass
TC-RULE-PR-AA-01-VIOLATION,asset-tc-rule-pr-aa-01-violation,CTRL-PR-AA-01,RULE-PR-AA-01,REQ-PR-AA-01,NON_COMPLIANT,NON_COMPLIANT,NONE,NONE,True,Known values deliberately violate the technical conditions exercised by this rule.,Account.account-admin.account_type='':fail | Account.account-admin.individual=False:fail | Account.account-admin.authorized=False:fail | Account.account-admin.credentials_managed=False:fail | Account.account-admin.last_reviewed_at=None:fail
TC-RULE-PR-AA-01-NO-EVIDENCE,asset-tc-rule-pr-aa-01-no-evidence,CTRL-PR-AA-01,RULE-PR-AA-01,REQ-PR-AA-01,NOT_VERIFIABLE,NOT_VERIFIABLE,NONE,NONE,True,A required evidence item is detached; the rule cannot be verified conclusively.,Account.account-admin.account_type='administrator':pass | Account.account-admin.individual=True:pass | Account.account-admin.authorized=True:pass | Account.account-admin.credentials_managed=True:pass | Account.account-admin.last_reviewed_at='2026-08-01T00:00:00Z':pass | Missing evidence.access_review
TC-RULE-PR-AA-03-COMPLIANT,asset-tc-rule-pr-aa-03-compliant,CTRL-PR-AA-03,RULE-PR-AA-03,REQ-PR-AA-03,COMPLIANT,COMPLIANT,NONE,NONE,True,Positive path: all observable rule conditions and required evidence are satisfied.,Account.account-admin.mfa_enabled=True:pass
TC-RULE-PR-AA-03-VIOLATION,asset-tc-rule-pr-aa-03-violation,CTRL-PR-AA-03,RULE-PR-AA-03,REQ-PR-AA-03,NON_COMPLIANT,NON_COMPLIANT,NONE,NONE,True,Known values deliberately violate the technical conditions exercised by this rule.,Account.account-admin.mfa_enabled=False:fail
TC-RULE-PR-AA-03-NO-EVIDENCE,asset-tc-rule-pr-aa-03-no-evidence,CTRL-PR-AA-03,RULE-PR-AA-03,REQ-PR-AA-03,NOT_VERIFIABLE,NOT_VERIFIABLE,NONE,NONE,True,A required evidence item is detached; the rule cannot be verified conclusively.,Account.account-admin.mfa_enabled=True:pass | Missing evidence.access_configuration
TC-RULE-PR-AA-05-COMPLIANT,asset-tc-rule-pr-aa-05-compliant,CTRL-PR-AA-05,RULE-PR-AA-05,REQ-PR-AA-05,COMPLIANT,COMPLIANT,NONE,NONE,True,Positive path: all observable rule conditions and required evidence are satisfied.,Account.account-admin.least_privilege=True:pass | Account.account-admin.separate_admin_account=True:pass
TC-RULE-PR-AA-05-VIOLATION,asset-tc-rule-pr-aa-05-violation,CTRL-PR-AA-05,RULE-PR-AA-05,REQ-PR-AA-05,NON_COMPLIANT,NON_COMPLIANT,NONE,NONE,True,Known values deliberately violate the technical conditions exercised by this rule.,Account.account-admin.least_privilege=False:fail | Account.account-admin.separate_admin_account=False:fail
TC-RULE-PR-AA-05-NO-EVIDENCE,asset-tc-rule-pr-aa-05-no-evidence,CTRL-PR-AA-05,RULE-PR-AA-05,REQ-PR-AA-05,NOT_VERIFIABLE,NOT_VERIFIABLE,NONE,NONE,True,A required evidence item is detached; the rule cannot be verified conclusively.,Account.account-admin.least_privilege=True:pass | Account.account-admin.separate_admin_account=True:pass | Missing evidence.access_configuration
TC-RULE-PR-AA-05-PARTIAL,asset-tc-rule-pr-aa-05-partial,CTRL-PR-AA-05,RULE-PR-AA-05,REQ-PR-AA-05,NON_COMPLIANT,NON_COMPLIANT,NONE,NONE,True,Only one of several technical conditions is violated while the others remain satisfied.,Account.account-admin.least_privilege=False:fail | Account.account-admin.separate_admin_account=True:pass
TC-RULE-PR-AA-06-COMPLIANT,asset-tc-rule-pr-aa-06-compliant,CTRL-PR-AA-06,RULE-PR-AA-06,REQ-PR-AA-06,COMPLIANT,COMPLIANT,NONE,NONE,True,Positive path: all observable rule conditions and required evidence are satisfied.,asset.physical_protection_documented=True:pass
TC-RULE-PR-AA-06-VIOLATION,asset-tc-rule-pr-aa-06-violation,CTRL-PR-AA-06,RULE-PR-AA-06,REQ-PR-AA-06,NON_COMPLIANT,NON_COMPLIANT,NONE,NONE,True,Known values deliberately violate the technical conditions exercised by this rule.,asset.physical_protection_documented=False:fail
TC-RULE-PR-AA-06-NO-EVIDENCE,asset-tc-rule-pr-aa-06-no-evidence,CTRL-PR-AA-06,RULE-PR-AA-06,REQ-PR-AA-06,NOT_VERIFIABLE,NOT_VERIFIABLE,NONE,NONE,True,A required evidence item is detached; the rule cannot be verified conclusively.,asset.physical_protection_documented=True:pass | Missing evidence.physical_security
TC-RULE-PR-DS-01-COMPLIANT,asset-tc-rule-pr-ds-01-compliant,CTRL-PR-DS-01,RULE-PR-DS-01,REQ-PR-DS-01,COMPLIANT,COMPLIANT,NONE,NONE,True,Positive path: all observable rule conditions and required evidence are satisfied.,DataObject.data-core.removable_media_encrypted=True:pass
TC-RULE-PR-DS-01-VIOLATION,asset-tc-rule-pr-ds-01-violation,CTRL-PR-DS-01,RULE-PR-DS-01,REQ-PR-DS-01,NON_COMPLIANT,NON_COMPLIANT,NONE,NONE,True,Known values deliberately violate the technical conditions exercised by this rule.,DataObject.data-core.removable_media_encrypted=False:fail
TC-RULE-PR-DS-01-NO-EVIDENCE,asset-tc-rule-pr-ds-01-no-evidence,CTRL-PR-DS-01,RULE-PR-DS-01,REQ-PR-DS-01,NOT_VERIFIABLE,NOT_VERIFIABLE,NONE,NONE,True,A required evidence item is detached; the rule cannot be verified conclusively.,DataObject.data-core.removable_media_encrypted=True:pass | Missing evidence.encryption_configuration
TC-RULE-PR-DS-02-COMPLIANT,asset-tc-rule-pr-ds-02-compliant,CTRL-PR-DS-02,RULE-PR-DS-02,REQ-PR-DS-02,COMPLIANT,COMPLIANT,NONE,NONE,True,Positive path: all observable rule conditions and required evidence are satisfied.,Service.svc-https.encrypted=True:pass | Service.svc-https.tls_enabled=True:pass | Service.svc-https.tls_versions=['TLSv1.3']:pass
TC-RULE-PR-DS-02-VIOLATION,asset-tc-rule-pr-ds-02-violation,CTRL-PR-DS-02,RULE-PR-DS-02,REQ-PR-DS-02,NON_COMPLIANT,NON_COMPLIANT,NONE,NONE,True,Known values deliberately violate the technical conditions exercised by this rule.,Service.svc-https.encrypted=False:fail | Service.svc-https.tls_enabled=True:pass | Service.svc-https.tls_versions=['TLSv1.0']:fail
TC-RULE-PR-DS-02-NO-EVIDENCE,asset-tc-rule-pr-ds-02-no-evidence,CTRL-PR-DS-02,RULE-PR-DS-02,REQ-PR-DS-02,NOT_VERIFIABLE,NOT_VERIFIABLE,NONE,NONE,True,A required evidence item is detached; the rule cannot be verified conclusively.,Service.svc-https.encrypted=True:pass | Service.svc-https.tls_enabled=True:pass | Service.svc-https.tls_versions=['TLSv1.3']:pass | Missing evidence.encryption_configuration
TC-RULE-PR-DS-11-COMPLIANT,asset-tc-rule-pr-ds-11-compliant,CTRL-PR-DS-11,RULE-PR-DS-11,REQ-PR-DS-11,COMPLIANT,COMPLIANT,NONE,NONE,True,Positive path: all observable rule conditions and required evidence are satisfied.,BackupRecord.backup-web.frequency_within_plan=True:pass | BackupRecord.backup-web.offline_copy=True:pass
TC-RULE-PR-DS-11-VIOLATION,asset-tc-rule-pr-ds-11-violation,CTRL-PR-DS-11,RULE-PR-DS-11,REQ-PR-DS-11,NON_COMPLIANT,NON_COMPLIANT,NONE,NONE,True,Known values deliberately violate the technical conditions exercised by this rule.,BackupRecord.backup-web.frequency_within_plan=False:fail | BackupRecord.backup-web.offline_copy=False:fail
TC-RULE-PR-DS-11-NO-EVIDENCE,asset-tc-rule-pr-ds-11-no-evidence,CTRL-PR-DS-11,RULE-PR-DS-11,REQ-PR-DS-11,NOT_VERIFIABLE,NOT_VERIFIABLE,NONE,NONE,True,A required evidence item is detached; the rule cannot be verified conclusively.,BackupRecord.backup-web.frequency_within_plan=True:pass | BackupRecord.backup-web.offline_copy=True:pass | Missing evidence.backup_record
TC-RULE-PR-DS-11-PARTIAL,asset-tc-rule-pr-ds-11-partial,CTRL-PR-DS-11,RULE-PR-DS-11,REQ-PR-DS-11,NON_COMPLIANT,NON_COMPLIANT,NONE,NONE,True,Only one of several technical conditions is violated while the others remain satisfied.,BackupRecord.backup-web.frequency_within_plan=True:pass | BackupRecord.backup-web.offline_copy=False:fail
TC-RULE-PR-DS-11-E-COMPLIANT,asset-tc-rule-pr-ds-11-e-compliant,CTRL-PR-DS-11-E,RULE-PR-DS-11-E,REQ-PR-DS-11-E,COMPLIANT,COMPLIANT,NONE,NONE,True,Positive path: all observable rule conditions and required evidence are satisfied.,BackupRecord.backup-web.protected_copy=True:pass | BackupRecord.backup-web.restore_test_successful=True:pass
TC-RULE-PR-DS-11-E-VIOLATION,asset-tc-rule-pr-ds-11-e-violation,CTRL-PR-DS-11-E,RULE-PR-DS-11-E,REQ-PR-DS-11-E,NON_COMPLIANT,NON_COMPLIANT,NONE,NONE,True,Known values deliberately violate the technical conditions exercised by this rule.,BackupRecord.backup-web.protected_copy=False:fail | BackupRecord.backup-web.restore_test_successful=False:fail
TC-RULE-PR-DS-11-E-NO-EVIDENCE,asset-tc-rule-pr-ds-11-e-no-evidence,CTRL-PR-DS-11-E,RULE-PR-DS-11-E,REQ-PR-DS-11-E,NOT_VERIFIABLE,NOT_VERIFIABLE,NONE,NONE,True,A required evidence item is detached; the rule cannot be verified conclusively.,BackupRecord.backup-web.protected_copy=True:pass | BackupRecord.backup-web.restore_test_successful=True:pass | Missing evidence.backup_record | Missing evidence.restore_test
TC-RULE-PR-DS-11-E-PROFILE-NA,asset-tc-rule-pr-ds-11-e-profile-na,CTRL-PR-DS-11-E,RULE-PR-DS-11-E,REQ-PR-DS-11-E,NOT_APPLICABLE,NOT_APPLICABLE,NONE,NONE,True,The organization wrapper uses the important profile for an essential-only rule.,regola esclusa dal profilo ACN important
TC-RULE-PR-PS-01-E-COMPLIANT,asset-tc-rule-pr-ps-01-e-compliant,CTRL-PR-PS-01-E,RULE-PR-PS-01-E,REQ-PR-PS-01-E,COMPLIANT,COMPLIANT,NONE,NONE,True,Positive path: all observable rule conditions and required evidence are satisfied.,asset.hardening_baseline_applied=True:pass
TC-RULE-PR-PS-01-E-VIOLATION,asset-tc-rule-pr-ps-01-e-violation,CTRL-PR-PS-01-E,RULE-PR-PS-01-E,REQ-PR-PS-01-E,NON_COMPLIANT,NON_COMPLIANT,NONE,NONE,True,Known values deliberately violate the technical conditions exercised by this rule.,asset.hardening_baseline_applied=False:fail
TC-RULE-PR-PS-01-E-NO-EVIDENCE,asset-tc-rule-pr-ps-01-e-no-evidence,CTRL-PR-PS-01-E,RULE-PR-PS-01-E,REQ-PR-PS-01-E,NOT_VERIFIABLE,NOT_VERIFIABLE,NONE,NONE,True,A required evidence item is detached; the rule cannot be verified conclusively.,asset.hardening_baseline_applied=True:pass | Missing evidence.system_configuration
TC-RULE-PR-PS-01-E-PROFILE-NA,asset-tc-rule-pr-ps-01-e-profile-na,CTRL-PR-PS-01-E,RULE-PR-PS-01-E,REQ-PR-PS-01-E,NOT_APPLICABLE,NOT_APPLICABLE,NONE,NONE,True,The organization wrapper uses the important profile for an essential-only rule.,regola esclusa dal profilo ACN important
TC-RULE-PR-PS-01-E-MANUAL-EXCEPTION,asset-tc-rule-pr-ps-01-e-manual-exception,CTRL-PR-PS-01-E,RULE-PR-PS-01-E,REQ-PR-PS-01-E,COMPLIANT,COMPLIANT,MANUAL_REVIEW_REQUIRED,MANUAL_REVIEW_REQUIRED,True,An active technical exception is attached and requires human review.,asset.hardening_baseline_applied=True:pass | Active technical exception: exception-tc-rule-pr-ps-01-e-manual-exception
TC-RULE-PR-PS-02-COMPLIANT,asset-tc-rule-pr-ps-02-compliant,CTRL-PR-PS-02,RULE-PR-PS-02,REQ-PR-PS-02,COMPLIANT,COMPLIANT,NONE,NONE,True,Positive path: all observable rule conditions and required evidence are satisfied.,SoftwareComponent.software-web.support_status='supported':pass | SoftwareComponent.software-web.security_update_status='within_risk_plan':pass
TC-RULE-PR-PS-02-VIOLATION,asset-tc-rule-pr-ps-02-violation,CTRL-PR-PS-02,RULE-PR-PS-02,REQ-PR-PS-02,NON_COMPLIANT,NON_COMPLIANT,NONE,NONE,True,Known values deliberately violate the technical conditions exercised by this rule.,SoftwareComponent.software-web.support_status='unsupported':fail | SoftwareComponent.software-web.security_update_status='overdue_against_risk_plan':fail
TC-RULE-PR-PS-02-NO-EVIDENCE,asset-tc-rule-pr-ps-02-no-evidence,CTRL-PR-PS-02,RULE-PR-PS-02,REQ-PR-PS-02,NOT_VERIFIABLE,NOT_VERIFIABLE,NONE,NONE,True,A required evidence item is detached; the rule cannot be verified conclusively.,SoftwareComponent.software-web.support_status='supported':pass | SoftwareComponent.software-web.security_update_status='within_risk_plan':pass | Missing evidence.patch_record | Missing evidence.software_inventory
TC-RULE-PR-PS-02-E-COMPLIANT,asset-tc-rule-pr-ps-02-e-compliant,CTRL-PR-PS-02-E,RULE-PR-PS-02-E,REQ-PR-PS-02-E,COMPLIANT,COMPLIANT,NONE,NONE,True,Positive path: all observable rule conditions and required evidence are satisfied.,SoftwareComponent.software-web.support_status='supported':pass | SoftwareComponent.software-web.security_update_status='within_risk_plan':pass | SoftwareComponent.software-web.critical_update_tested=True:pass
TC-RULE-PR-PS-02-E-VIOLATION,asset-tc-rule-pr-ps-02-e-violation,CTRL-PR-PS-02-E,RULE-PR-PS-02-E,REQ-PR-PS-02-E,NON_COMPLIANT,NON_COMPLIANT,NONE,NONE,True,Known values deliberately violate the technical conditions exercised by this rule.,SoftwareComponent.software-web.support_status='unsupported':fail | SoftwareComponent.software-web.security_update_status='overdue_against_risk_plan':fail | SoftwareComponent.software-web.critical_update_tested=False:fail
TC-RULE-PR-PS-02-E-NO-EVIDENCE,asset-tc-rule-pr-ps-02-e-no-evidence,CTRL-PR-PS-02-E,RULE-PR-PS-02-E,REQ-PR-PS-02-E,NOT_VERIFIABLE,NOT_VERIFIABLE,NONE,NONE,True,A required evidence item is detached; the rule cannot be verified conclusively.,SoftwareComponent.software-web.support_status='supported':pass | SoftwareComponent.software-web.security_update_status='within_risk_plan':pass | SoftwareComponent.software-web.critical_update_tested=True:pass | Missing evidence.patch_record
TC-RULE-PR-PS-02-E-PROFILE-NA,asset-tc-rule-pr-ps-02-e-profile-na,CTRL-PR-PS-02-E,RULE-PR-PS-02-E,REQ-PR-PS-02-E,NOT_APPLICABLE,NOT_APPLICABLE,NONE,NONE,True,The organization wrapper uses the important profile for an essential-only rule.,regola esclusa dal profilo ACN important
TC-RULE-PR-PS-03-E-COMPLIANT,asset-tc-rule-pr-ps-03-e-compliant,CTRL-PR-PS-03-E,RULE-PR-PS-03-E,REQ-PR-PS-03-E,COMPLIANT,COMPLIANT,NONE,NONE,True,Positive path: all observable rule conditions and required evidence are satisfied.,asset.maintenance_logged=True:pass | asset.secure_disposal_documented=True:pass
TC-RULE-PR-PS-03-E-VIOLATION,asset-tc-rule-pr-ps-03-e-violation,CTRL-PR-PS-03-E,RULE-PR-PS-03-E,REQ-PR-PS-03-E,NON_COMPLIANT,NON_COMPLIANT,NONE,NONE,True,Known values deliberately violate the technical conditions exercised by this rule.,asset.maintenance_logged=False:fail | asset.secure_disposal_documented=False:fail
TC-RULE-PR-PS-03-E-NO-EVIDENCE,asset-tc-rule-pr-ps-03-e-no-evidence,CTRL-PR-PS-03-E,RULE-PR-PS-03-E,REQ-PR-PS-03-E,NOT_VERIFIABLE,NOT_VERIFIABLE,NONE,NONE,True,A required evidence item is detached; the rule cannot be verified conclusively.,asset.maintenance_logged=True:pass | asset.secure_disposal_documented=True:pass | Missing evidence.maintenance_record
TC-RULE-PR-PS-03-E-PROFILE-NA,asset-tc-rule-pr-ps-03-e-profile-na,CTRL-PR-PS-03-E,RULE-PR-PS-03-E,REQ-PR-PS-03-E,NOT_APPLICABLE,NOT_APPLICABLE,NONE,NONE,True,The organization wrapper uses the important profile for an essential-only rule.,regola esclusa dal profilo ACN important
TC-RULE-PR-PS-04-COMPLIANT,asset-tc-rule-pr-ps-04-compliant,CTRL-PR-PS-04,RULE-PR-PS-04,REQ-PR-PS-04,COMPLIANT,COMPLIANT,NONE,NONE,True,Positive path: all observable rule conditions and required evidence are satisfied.,asset.admin_remote_access_logging=True:pass | asset.logs_protected=True:pass | asset.logs_centralized=True:pass | asset.log_retention_within_plan=True:pass
TC-RULE-PR-PS-04-VIOLATION,asset-tc-rule-pr-ps-04-violation,CTRL-PR-PS-04,RULE-PR-PS-04,REQ-PR-PS-04,NON_COMPLIANT,NON_COMPLIANT,NONE,NONE,True,Known values deliberately violate the technical conditions exercised by this rule.,asset.admin_remote_access_logging=False:fail | asset.logs_protected=False:fail | asset.logs_centralized=False:fail | asset.log_retention_within_plan=False:fail
TC-RULE-PR-PS-04-NO-EVIDENCE,asset-tc-rule-pr-ps-04-no-evidence,CTRL-PR-PS-04,RULE-PR-PS-04,REQ-PR-PS-04,NOT_VERIFIABLE,NOT_VERIFIABLE,NONE,NONE,True,A required evidence item is detached; the rule cannot be verified conclusively.,asset.admin_remote_access_logging=True:pass | asset.logs_protected=True:pass | asset.logs_centralized=True:pass | asset.log_retention_within_plan=True:pass | Missing evidence.log_configuration
TC-RULE-PR-PS-04-PARTIAL,asset-tc-rule-pr-ps-04-partial,CTRL-PR-PS-04,RULE-PR-PS-04,REQ-PR-PS-04,COMPLIANT,COMPLIANT,NONE,NONE,True,Only one of several technical conditions is violated while the others remain satisfied.,asset.admin_remote_access_logging=True:pass | asset.logs_protected=True:pass | asset.logs_centralized=False:fail | asset.log_retention_within_plan=True:pass
TC-RULE-PR-IR-01-COMPLIANT,asset-tc-rule-pr-ir-01-compliant,CTRL-PR-IR-01,RULE-PR-IR-01,REQ-PR-IR-01,COMPLIANT,COMPLIANT,NONE,NONE,True,Positive path: all observable rule conditions and required evidence are satisfied.,asset.remote_access_registry_complete=True:pass | asset.remote_access_protected=True:pass | asset.firewall_enabled=True:pass
TC-RULE-PR-IR-01-VIOLATION,asset-tc-rule-pr-ir-01-violation,CTRL-PR-IR-01,RULE-PR-IR-01,REQ-PR-IR-01,NON_COMPLIANT,NON_COMPLIANT,NONE,NONE,True,Known values deliberately violate the technical conditions exercised by this rule.,asset.remote_access_registry_complete=False:fail | asset.remote_access_protected=False:fail | asset.firewall_enabled=False:fail
TC-RULE-PR-IR-01-NO-EVIDENCE,asset-tc-rule-pr-ir-01-no-evidence,CTRL-PR-IR-01,RULE-PR-IR-01,REQ-PR-IR-01,NOT_VERIFIABLE,NOT_VERIFIABLE,NONE,NONE,True,A required evidence item is detached; the rule cannot be verified conclusively.,asset.remote_access_registry_complete=True:pass | asset.remote_access_protected=True:pass | asset.firewall_enabled=True:pass | Missing evidence.network_security
TC-RULE-PR-IR-03-E-COMPLIANT,asset-tc-rule-pr-ir-03-e-compliant,CTRL-PR-IR-03-E,RULE-PR-IR-03-E,REQ-PR-IR-03-E,COMPLIANT,COMPLIANT,NONE,NONE,True,Positive path: all observable rule conditions and required evidence are satisfied.,SecurityCapability.cap-emergency.enabled=True:pass | SecurityCapability.cap-emergency.configured=True:pass | SecurityCapability.cap-emergency.maintained=True:pass
TC-RULE-PR-IR-03-E-VIOLATION,asset-tc-rule-pr-ir-03-e-violation,CTRL-PR-IR-03-E,RULE-PR-IR-03-E,REQ-PR-IR-03-E,NON_COMPLIANT,NON_COMPLIANT,NONE,NONE,True,Known values deliberately violate the technical conditions exercised by this rule.,SecurityCapability.cap-emergency.enabled=False:fail | SecurityCapability.cap-emergency.configured=False:fail | SecurityCapability.cap-emergency.maintained=False:fail
TC-RULE-PR-IR-03-E-NO-EVIDENCE,asset-tc-rule-pr-ir-03-e-no-evidence,CTRL-PR-IR-03-E,RULE-PR-IR-03-E,REQ-PR-IR-03-E,NOT_VERIFIABLE,NOT_VERIFIABLE,NONE,NONE,True,A required evidence item is detached; the rule cannot be verified conclusively.,SecurityCapability.cap-emergency.enabled=True:pass | SecurityCapability.cap-emergency.configured=True:pass | SecurityCapability.cap-emergency.maintained=True:pass | Missing evidence.emergency_communications
TC-RULE-PR-IR-03-E-PROFILE-NA,asset-tc-rule-pr-ir-03-e-profile-na,CTRL-PR-IR-03-E,RULE-PR-IR-03-E,REQ-PR-IR-03-E,NOT_APPLICABLE,NOT_APPLICABLE,NONE,NONE,True,The organization wrapper uses the important profile for an essential-only rule.,regola esclusa dal profilo ACN important
TC-RULE-DE-CM-01-COMPLIANT,asset-tc-rule-de-cm-01-compliant,CTRL-DE-CM-01,RULE-DE-CM-01,REQ-DE-CM-01,COMPLIANT,COMPLIANT,NONE,NONE,True,Positive path: all observable rule conditions and required evidence are satisfied.,SecurityCapability.cap-ids.enabled=True:pass | SecurityCapability.cap-ids.configured=True:pass | SecurityCapability.cap-ids.monitored=True:pass
TC-RULE-DE-CM-01-VIOLATION,asset-tc-rule-de-cm-01-violation,CTRL-DE-CM-01,RULE-DE-CM-01,REQ-DE-CM-01,NON_COMPLIANT,NON_COMPLIANT,NONE,NONE,True,Known values deliberately violate the technical conditions exercised by this rule.,SecurityCapability.cap-ids.enabled=False:fail | SecurityCapability.cap-ids.configured=False:fail | SecurityCapability.cap-ids.monitored=False:fail
TC-RULE-DE-CM-01-NO-EVIDENCE,asset-tc-rule-de-cm-01-no-evidence,CTRL-DE-CM-01,RULE-DE-CM-01,REQ-DE-CM-01,NOT_VERIFIABLE,NOT_VERIFIABLE,NONE,NONE,True,A required evidence item is detached; the rule cannot be verified conclusively.,SecurityCapability.cap-ids.enabled=True:pass | SecurityCapability.cap-ids.configured=True:pass | SecurityCapability.cap-ids.monitored=True:pass | Missing evidence.monitoring_configuration
TC-RULE-DE-CM-01-PARTIAL,asset-tc-rule-de-cm-01-partial,CTRL-DE-CM-01,RULE-DE-CM-01,REQ-DE-CM-01,NON_COMPLIANT,NON_COMPLIANT,NONE,NONE,True,Only one of several technical conditions is violated while the others remain satisfied.,SecurityCapability.cap-ids.enabled=True:pass | SecurityCapability.cap-ids.configured=True:pass | SecurityCapability.cap-ids.monitored=False:fail
TC-RULE-DE-CM-01-E-COMPLIANT,asset-tc-rule-de-cm-01-e-compliant,CTRL-DE-CM-01-E,RULE-DE-CM-01-E,REQ-DE-CM-01-E,COMPLIANT,COMPLIANT,NONE,NONE,True,Positive path: all observable rule conditions and required evidence are satisfied.,asset.anomaly_thresholds_configured=True:pass
TC-RULE-DE-CM-01-E-VIOLATION,asset-tc-rule-de-cm-01-e-violation,CTRL-DE-CM-01-E,RULE-DE-CM-01-E,REQ-DE-CM-01-E,NON_COMPLIANT,NON_COMPLIANT,NONE,NONE,True,Known values deliberately violate the technical conditions exercised by this rule.,asset.anomaly_thresholds_configured=False:fail
TC-RULE-DE-CM-01-E-NO-EVIDENCE,asset-tc-rule-de-cm-01-e-no-evidence,CTRL-DE-CM-01-E,RULE-DE-CM-01-E,REQ-DE-CM-01-E,NOT_VERIFIABLE,NOT_VERIFIABLE,NONE,NONE,True,A required evidence item is detached; the rule cannot be verified conclusively.,asset.anomaly_thresholds_configured=True:pass | Missing evidence.monitoring_configuration
TC-RULE-DE-CM-01-E-PROFILE-NA,asset-tc-rule-de-cm-01-e-profile-na,CTRL-DE-CM-01-E,RULE-DE-CM-01-E,REQ-DE-CM-01-E,NOT_APPLICABLE,NOT_APPLICABLE,NONE,NONE,True,The organization wrapper uses the important profile for an essential-only rule.,regola esclusa dal profilo ACN important
TC-RULE-DE-CM-09-COMPLIANT,asset-tc-rule-de-cm-09-compliant,CTRL-DE-CM-09,RULE-DE-CM-09,REQ-DE-CM-09,COMPLIANT,COMPLIANT,NONE,NONE,True,Positive path: all observable rule conditions and required evidence are satisfied.,SecurityCapability.cap-endpoint.enabled=True:pass | SecurityCapability.cap-endpoint.configured=True:pass | SecurityCapability.cap-endpoint.maintained=True:pass | SecurityCapability.cap-endpoint.monitored=True:pass
TC-RULE-DE-CM-09-VIOLATION,asset-tc-rule-de-cm-09-violation,CTRL-DE-CM-09,RULE-DE-CM-09,REQ-DE-CM-09,NON_COMPLIANT,NON_COMPLIANT,NONE,NONE,True,Known values deliberately violate the technical conditions exercised by this rule.,SecurityCapability.cap-endpoint.enabled=False:fail | SecurityCapability.cap-endpoint.configured=False:fail | SecurityCapability.cap-endpoint.maintained=False:fail | SecurityCapability.cap-endpoint.monitored=False:fail
TC-RULE-DE-CM-09-NO-EVIDENCE,asset-tc-rule-de-cm-09-no-evidence,CTRL-DE-CM-09,RULE-DE-CM-09,REQ-DE-CM-09,NOT_VERIFIABLE,NOT_VERIFIABLE,NONE,NONE,True,A required evidence item is detached; the rule cannot be verified conclusively.,SecurityCapability.cap-endpoint.enabled=True:pass | SecurityCapability.cap-endpoint.configured=True:pass | SecurityCapability.cap-endpoint.maintained=True:pass | SecurityCapability.cap-endpoint.monitored=True:pass | Missing evidence.endpoint_protection
